Metric,Value
R2_Train,0.3548241040598533
R2_Test,0.38516832433319037
RMSE_Train,311.04145328722245
RMSE_Test,322.38350044558274
MAE_Train,268.4464869453696
MAE_Test,270.60857434731537
