Scenario,Predicted_Demand,Impact_Pct
Baseline,1492.895593948411,0.0
10% Price Cut,1523.115506921942,2.024248252592483
20% Marketing Increase,1542.768393019536,3.3406756154475192
Promotion Active,1884.9752758299435,26.263034298638388
